"","repo_name","num_events","num_actors","total_events","total_actors","events_per_actor","type","num_repo_events","num_repo_actors","repo_events_per_actor","participation_rate"
"1","cakephp/acl",5,3,83,36,2.30556,"PushEvent",83,36,2.30556,0
"2","Microsoft/TSJS-lib-generator",13,4,456,58,7.86207,"CreateEvent",456,58,7.86207,0
"3","cakephp/acl",1,1,83,36,2.30556,"DeleteEvent",83,36,2.30556,0
"4","zzz40500/Tinker_imitator",12,10,964,867,1.11188,"IssuesEvent",964,867,1.11188,0
"5","bernardolins/fake_server",15,2,127,29,4.37931,"IssuesEvent",127,29,4.37931,0
"6","GravityPDF/gravity-pdf",171,6,798,25,31.92,"IssuesEvent",798,25,31.92,0
"7","watson-developer-cloud/botkit-middleware",1,1,130,51,2.54902,"MemberEvent",130,51,2.54902,0
"8","baoyongzhang/ApkChannelBuilder",1,1,225,204,1.10294,"PublicEvent",225,204,1.10294,0
"9","zzz40500/Tinker_imitator",112,111,964,867,1.11188,"ForkEvent",964,867,1.11188,0
"10","julianlam/nodebb-plugin-mentions",3,3,79,23,3.43478,"ForkEvent",79,23,3.43478,0
"11","simonlast/node-persist",10,10,210,83,2.53012,"ForkEvent",210,83,2.53012,0
"12","baoyongzhang/ApkChannelBuilder",4,3,225,204,1.10294,"IssuesEvent",225,204,1.10294,0
"13","fourtf/chatterino",1,1,320,30,10.66667,"MemberEvent",320,30,10.66667,0
"14","teamreflex/DiscordPHP",26,10,578,135,4.28148,"PullRequestEvent",578,135,4.28148,0
"15","bogde/HX711",8,4,215,94,2.28723,"PullRequestEvent",215,94,2.28723,0
"16","Mte90/GH-License",52,10,147,24,6.125,"IssueCommentEvent",147,24,6.125,0
"17","pudo/dataset",36,14,491,399,1.23058,"IssueCommentEvent",491,399,1.23058,0
"18","bluerobotics/ardusub",62,7,581,35,16.6,"IssueCommentEvent",581,35,16.6,0
"19","maximkoretskiy/postcss-initial",7,4,62,43,1.44186,"IssueCommentEvent",62,43,1.44186,0
"20","GravityPDF/gravity-pdf",76,6,798,25,31.92,"IssueCommentEvent",798,25,31.92,0
"21","circonus-labs/reconnoiter",2,2,602,26,23.15385,"CommitCommentEvent",602,26,23.15385,0
"22","emc-advanced-dev/unik",22,2,1631,772,2.11269,"CommitCommentEvent",1631,772,2.11269,0
"23","tomzo/gocd-yaml-config-plugin",4,2,202,40,5.05,"PullRequestReviewCommentEvent",202,40,5.05,0
"24","ponty/pyscreenshot",8,8,58,43,1.34884,"ForkEvent",58,43,1.34884,0
"25","Stamplay/stamplay-stackoverflow",8,8,26,23,1.13043,"ForkEvent",26,23,1.13043,0
"26","watson-developer-cloud/botkit-middleware",18,18,130,51,2.54902,"ForkEvent",130,51,2.54902,0
"27","GravityPDF/gravity-pdf",169,1,798,25,31.92,"PushEvent",798,25,31.92,0
"28","DockYard/inquisitor",7,2,85,41,2.07317,"PushEvent",85,41,2.07317,0
"29","samlaudev/iOS-Best-Practices",1,1,52,47,1.10638,"PushEvent",52,47,1.10638,0
"30","simonlast/node-persist",65,64,210,83,2.53012,"WatchEvent",210,83,2.53012,0
"31","Mte90/GH-License",6,1,147,24,6.125,"CreateEvent",147,24,6.125,0
"32","ipfspics/ipfspics-server",7,3,206,130,1.58462,"GollumEvent",206,130,1.58462,0
"33","emc-advanced-dev/unik",21,3,1631,772,2.11269,"GollumEvent",1631,772,2.11269,0
"34","JBZoo/Utils",11,1,133,43,3.09302,"ReleaseEvent",133,43,3.09302,0
"35","philippelt/netatmo-api-python",2,2,48,24,2,"PullRequestEvent",48,24,2,0
"36","wolkykim/qlibc",6,2,99,74,1.33784,"IssueCommentEvent",99,74,1.33784,0
"37","JBZoo/Utils",2,1,133,43,3.09302,"IssueCommentEvent",133,43,3.09302,0
"38","ledger/ledger",1,1,449,300,1.49667,"CreateEvent",449,300,1.49667,0
"39","Wurst-Imperium/Wurst-Client-for-MC-1.9.X",1,1,167,58,2.87931,"CommitCommentEvent",167,58,2.87931,0
"40","bernardolins/fake_server",5,5,127,29,4.37931,"ForkEvent",127,29,4.37931,0
"41","Wurst-Imperium/Wurst-Client-for-MC-1.9.X",10,10,167,58,2.87931,"WatchEvent",167,58,2.87931,0
"42","cakephp/acl",11,8,83,36,2.30556,"PullRequestEvent",83,36,2.30556,0
"43","circonus-labs/reconnoiter",22,4,602,26,23.15385,"DeleteEvent",602,26,23.15385,0
"44","watson-developer-cloud/botkit-middleware",23,4,130,51,2.54902,"PushEvent",130,51,2.54902,0
"45","koajs/static-cache",28,28,41,34,1.20588,"WatchEvent",41,34,1.20588,0
"46","JBZoo/Utils",36,35,133,43,3.09302,"WatchEvent",133,43,3.09302,0
"47","manishiitg/excellence_magento_blog",37,37,58,53,1.09434,"ForkEvent",58,53,1.09434,0
"48","mysensors/MySensors",105,91,2580,234,11.02564,"ForkEvent",2580,234,11.02564,0
"49","mxcl/OMGHTTPURLRQ",7,7,117,77,1.51948,"ForkEvent",117,77,1.51948,0
"50","varnishcache/varnish-cache",579,11,2748,479,5.73695,"PushEvent",2748,479,5.73695,0
"51","python-excel/xlutils",15,1,60,37,1.62162,"PushEvent",60,37,1.62162,0
"52","ytiurin/hyphen",5,1,99,39,2.53846,"CreateEvent",99,39,2.53846,0
"53","watson-developer-cloud/botkit-middleware",5,4,130,51,2.54902,"CreateEvent",130,51,2.54902,0
"54","monque/PHP-Migration",6,1,107,47,2.2766,"CreateEvent",107,47,2.2766,0
"55","mac-cain13/xdebug-helper-for-chrome",1,1,112,54,2.07407,"CreateEvent",112,54,2.07407,0
"56","hjiang/jsonxx",1,1,48,31,1.54839,"IssuesEvent",48,31,1.54839,0
"57","Microsoft/TSJS-lib-generator",13,9,456,58,7.86207,"IssuesEvent",456,58,7.86207,0
"58","bedezign/yii2-audit",24,11,162,37,4.37838,"PullRequestEvent",162,37,4.37838,0
"59","symfony/symfony",2770,320,25651,3057,8.39091,"PullRequestEvent",25651,3057,8.39091,0
"60","EDDiscovery/EDDiscovery",656,8,2650,104,25.48077,"PullRequestEvent",2650,104,25.48077,0
"61","adafruit/Adafruit_Sensor",2,2,96,89,1.07865,"IssueCommentEvent",96,89,1.07865,0
"62","LibreOffice/core",1,1,8903,111,80.20721,"IssueCommentEvent",8903,111,80.20721,0
"63","ledger/ledger",3,1,449,300,1.49667,"PullRequestReviewCommentEvent",449,300,1.49667,0
"64","tommoor/fastimage",7,7,23,21,1.09524,"ForkEvent",23,21,1.09524,0
"65","nemequ/munit",3,3,54,23,2.34783,"ForkEvent",54,23,2.34783,0
"66","Microsoft/TSJS-lib-generator",59,3,456,58,7.86207,"PushEvent",456,58,7.86207,0
"67","mr-kelly/KEngine",27,27,111,39,2.84615,"WatchEvent",111,39,2.84615,0
"68","andyet/SimpleWebRTC",4,2,950,501,1.89621,"CreateEvent",950,501,1.89621,0
"69","JBZoo/Utils",15,1,133,43,3.09302,"CreateEvent",133,43,3.09302,0
"70","mysensors/MySensors",119,40,2580,234,11.02564,"IssuesEvent",2580,234,11.02564,0
"71","mysensors/MySensors",2,2,2580,234,11.02564,"ReleaseEvent",2580,234,11.02564,0
"72","julianlam/nodebb-plugin-mentions",12,6,79,23,3.43478,"PullRequestEvent",79,23,3.43478,0
"73","sourcefabric/Newscoop",26,2,92,30,3.06667,"PullRequestEvent",92,30,3.06667,0
"74","fourtf/chatterino",13,3,320,30,10.66667,"PullRequestEvent",320,30,10.66667,0
"75","LibreOffice/core",5,4,8903,111,80.20721,"PullRequestEvent",8903,111,80.20721,0
"76","simonlast/node-persist",80,14,210,83,2.53012,"IssueCommentEvent",210,83,2.53012,0
"77","clab/stack-lstm-ner",4,2,181,95,1.90526,"PullRequestReviewCommentEvent",181,95,1.90526,0
"78","JBZoo/Utils",11,11,133,43,3.09302,"ForkEvent",133,43,3.09302,0
"79","andyet/SimpleWebRTC",30,4,950,501,1.89621,"PushEvent",950,501,1.89621,0
"80","toleda/audio_CloverALC",31,19,296,187,1.58289,"IssuesEvent",296,187,1.58289,0
"81","jlafon/PynamoDB",9,1,867,169,5.13018,"ReleaseEvent",867,169,5.13018,0
"82","monque/PHP-Migration",3,1,107,47,2.2766,"ReleaseEvent",107,47,2.2766,0
"83","noidontdig/gitdown",2,2,700,687,1.01892,"PullRequestEvent",700,687,1.01892,0
"84","wix/detox",6,6,526,91,5.78022,"ForkEvent",526,91,5.78022,0
"85","bogde/HX711",31,31,215,94,2.28723,"ForkEvent",215,94,2.28723,0
"86","patriciogonzalezvivo/glslEditor",25,1,164,91,1.8022,"PushEvent",164,91,1.8022,0
"87","philippelt/netatmo-api-python",11,11,48,24,2,"WatchEvent",48,24,2,0
"88","PetteriAimonen/ED060SC4_driver",26,26,33,29,1.13793,"WatchEvent",33,29,1.13793,0
"89","mac-cain13/xdebug-helper-for-chrome",33,33,112,54,2.07407,"WatchEvent",112,54,2.07407,0
"90","ponty/pyscreenshot",5,5,58,43,1.34884,"IssuesEvent",58,43,1.34884,0
"91","toleda/audio_CloverALC",83,24,296,187,1.58289,"IssueCommentEvent",296,187,1.58289,0
"92","teamreflex/DiscordPHP",37,36,578,135,4.28148,"ForkEvent",578,135,4.28148,0
"93","austinlyons/dcjs-leaflet-untappd",29,27,47,42,1.11905,"WatchEvent",47,42,1.11905,0
"94","sisoputnfrba/so-commons-library",3,2,84,22,3.81818,"CreateEvent",84,22,3.81818,0
"95","LibreOffice/core",22,2,8903,111,80.20721,"DeleteEvent",8903,111,80.20721,0
"96","gmarm/BetterSegmentedControl",42,19,461,280,1.64643,"IssuesEvent",461,280,1.64643,0
"97","mholgatem/ThermOS",1,1,106,47,2.25532,"PublicEvent",106,47,2.25532,0
"98","ponty/pyscreenshot",1,1,58,43,1.34884,"PullRequestEvent",58,43,1.34884,0
"99","JBZoo/Utils",14,1,133,43,3.09302,"PullRequestEvent",133,43,3.09302,0
"100","Marswin/MarsDaemon",19,13,951,849,1.12014,"IssueCommentEvent",951,849,1.12014,0
"101","zzz40500/Tinker_imitator",23,15,964,867,1.11188,"IssueCommentEvent",964,867,1.11188,0
"102","jlafon/PynamoDB",360,30,867,169,5.13018,"IssueCommentEvent",867,169,5.13018,0
"103","prime31/CharacterController2D",6,4,131,84,1.55952,"IssueCommentEvent",131,84,1.55952,0
"104","EDDiscovery/EDDiscovery",7,2,2650,104,25.48077,"CommitCommentEvent",2650,104,25.48077,0
"105","symfony/symfony",5516,211,25651,3057,8.39091,"PullRequestReviewCommentEvent",25651,3057,8.39091,0
"106","PetteriAimonen/ED060SC4_driver",5,5,33,29,1.13793,"ForkEvent",33,29,1.13793,0
"107","ipfspics/ipfspics-server",25,2,206,130,1.58462,"PushEvent",206,130,1.58462,0
"108","ponty/pyscreenshot",29,29,58,43,1.34884,"WatchEvent",58,43,1.34884,0
"109","hussachai/play-scalajs-showcase",15,14,25,23,1.08696,"WatchEvent",25,23,1.08696,0
"110","sephiroth74/AndroidWheel",32,32,41,39,1.05128,"WatchEvent",41,39,1.05128,0
"111","simonlast/node-persist",34,14,210,83,2.53012,"IssuesEvent",210,83,2.53012,0
"112","instacart/truetime-android",1,1,586,420,1.39524,"PublicEvent",586,420,1.39524,0
"113","wix/detox",23,7,526,91,5.78022,"PullRequestEvent",526,91,5.78022,0
"114","engram-design/Comments",2,2,183,51,3.58824,"PullRequestEvent",183,51,3.58824,0
"115","watson-developer-cloud/botkit-middleware",25,10,130,51,2.54902,"IssueCommentEvent",130,51,2.54902,0
"116","varnishcache/varnish-cache",14,6,2748,479,5.73695,"CommitCommentEvent",2748,479,5.73695,0
"117","wix/detox",6,2,526,91,5.78022,"CommitCommentEvent",526,91,5.78022,0
"118","jlafon/PynamoDB",37,1,867,169,5.13018,"PushEvent",867,169,5.13018,0
"119","mxcl/OMGHTTPURLRQ",72,72,117,77,1.51948,"WatchEvent",117,77,1.51948,0
"120","mysensors/MySensors",93,91,2580,234,11.02564,"WatchEvent",2580,234,11.02564,0
"121","kylemanna/docker-bitcoind",20,20,142,40,3.55,"WatchEvent",142,40,3.55,0
"122","pudo/dataset",360,356,491,399,1.23058,"WatchEvent",491,399,1.23058,0
"123","wolkykim/qlibc",63,62,99,74,1.33784,"WatchEvent",99,74,1.33784,0
"124","bluerobotics/ardusub",58,3,581,35,16.6,"CreateEvent",581,35,16.6,0
"125","monque/PHP-Migration",8,5,107,47,2.2766,"IssuesEvent",107,47,2.2766,0
"126","fourtf/chatterino",154,17,320,30,10.66667,"IssuesEvent",320,30,10.66667,0
"127","teamreflex/DiscordPHP",6,1,578,135,4.28148,"ReleaseEvent",578,135,4.28148,0
"128","pudo/dataset",16,8,491,399,1.23058,"PullRequestEvent",491,399,1.23058,0
"129","ytiurin/hyphen",15,4,99,39,2.53846,"IssueCommentEvent",99,39,2.53846,0
"130","kylemanna/docker-bitcoind",43,8,142,40,3.55,"IssueCommentEvent",142,40,3.55,0
"131","oskarpearson/mmeowlink",42,9,227,53,4.28302,"IssueCommentEvent",227,53,4.28302,0
"132","varnishcache/varnish-cache",63,6,2748,479,5.73695,"PullRequestReviewCommentEvent",2748,479,5.73695,0
"133","nicolewhite/algebra.js",7,7,132,64,2.0625,"ForkEvent",132,64,2.0625,0
"134","mac-cain13/xdebug-helper-for-chrome",12,11,112,54,2.07407,"ForkEvent",112,54,2.07407,0
"135","instacart/truetime-android",30,30,586,420,1.39524,"ForkEvent",586,420,1.39524,0
"136","philippelt/netatmo-api-python",3,1,48,24,2,"PushEvent",48,24,2,0
"137","toleda/audio_CloverALC",6,1,296,187,1.58289,"PushEvent",296,187,1.58289,0
"138","gmarm/BetterSegmentedControl",30,1,461,280,1.64643,"PushEvent",461,280,1.64643,0
"139","gmarm/BetterSegmentedControl",239,235,461,280,1.64643,"WatchEvent",461,280,1.64643,0
"140","python-excel/xlutils",29,28,60,37,1.62162,"WatchEvent",60,37,1.62162,0
"141","droolsjbpm/guvnor",31,3,799,63,12.68254,"CreateEvent",799,63,12.68254,0
"142","teamreflex/DiscordPHP",7,2,578,135,4.28148,"CreateEvent",578,135,4.28148,0
"143","sourcefabric/Newscoop",1,1,92,30,3.06667,"DeleteEvent",92,30,3.06667,0
"144","philippelt/netatmo-api-python",7,4,48,24,2,"IssuesEvent",48,24,2,0
"145","MozillaFoundation/plan",373,40,444,41,10.82927,"IssueCommentEvent",444,41,10.82927,0
"146","LibreOffice/core",4,3,8903,111,80.20721,"CommitCommentEvent",8903,111,80.20721,0
"147","sarbian/ModuleManager",15,14,80,35,2.28571,"ForkEvent",80,35,2.28571,0
"148","ytiurin/hyphen",4,4,99,39,2.53846,"ForkEvent",99,39,2.53846,0
"149","mholgatem/ThermOS",8,7,106,47,2.25532,"ForkEvent",106,47,2.25532,0
"150","francoiscampbell/CLionArduinoPlugin",13,13,59,52,1.13462,"ForkEvent",59,52,1.13462,0
"151","droolsjbpm/guvnor",77,6,799,63,12.68254,"PushEvent",799,63,12.68254,0
"152","ledger/ledger",267,264,449,300,1.49667,"WatchEvent",449,300,1.49667,0
"153","jackdempsey/acts_as_commentable",28,27,40,35,1.14286,"WatchEvent",40,35,1.14286,0
"154","getk2/k2",6,2,255,50,5.1,"CreateEvent",255,50,5.1,0
"155","Mte90/GH-License",2,1,147,24,6.125,"DeleteEvent",147,24,6.125,0
"156","DockYard/inquisitor",1,1,85,41,2.07317,"DeleteEvent",85,41,2.07317,0
"157","MozillaFoundation/plan",4,2,444,41,10.82927,"MemberEvent",444,41,10.82927,0
"158","mxcl/OMGHTTPURLRQ",2,1,117,77,1.51948,"ReleaseEvent",117,77,1.51948,0
"159","oskarpearson/mmeowlink",2,1,227,53,4.28302,"ReleaseEvent",227,53,4.28302,0
"160","EDDiscovery/EDDiscovery",47,1,2650,104,25.48077,"ReleaseEvent",2650,104,25.48077,0
"161","droolsjbpm/guvnor",153,19,799,63,12.68254,"PullRequestEvent",799,63,12.68254,0
"162","nemequ/munit",2,1,54,23,2.34783,"PullRequestEvent",54,23,2.34783,0
"163","teamreflex/DiscordPHP",180,51,578,135,4.28148,"IssueCommentEvent",578,135,4.28148,0
"164","engram-design/Comments",46,11,183,51,3.58824,"IssueCommentEvent",183,51,3.58824,0
"165","python-excel/xlutils",4,2,60,37,1.62162,"IssueCommentEvent",60,37,1.62162,0
"166","python-excel/xlutils",1,1,60,37,1.62162,"CreateEvent",60,37,1.62162,0
"167","python-excel/xlutils",2,1,60,37,1.62162,"CommitCommentEvent",60,37,1.62162,0
"168","vuejs/vuex-observable",2,1,53,51,1.03922,"CreateEvent",53,51,1.03922,0
"169","droolsjbpm/guvnor",258,14,799,63,12.68254,"PullRequestReviewCommentEvent",799,63,12.68254,0
"170","koajs/static-cache",4,3,41,34,1.20588,"IssuesEvent",41,34,1.20588,0
"171","kylemanna/docker-bitcoind",11,5,142,40,3.55,"IssuesEvent",142,40,3.55,0
"172","tomzo/gocd-yaml-config-plugin",14,4,202,40,5.05,"PullRequestEvent",202,40,5.05,0
"173","mxcl/OMGHTTPURLRQ",18,1,117,77,1.51948,"PushEvent",117,77,1.51948,0
"174","zhufengzhufeng/angularjs",22,22,31,28,1.10714,"ForkEvent",31,28,1.10714,0
"175","nicolewhite/algebra.js",34,8,132,64,2.0625,"IssueCommentEvent",132,64,2.0625,0
"176","engram-design/Comments",50,1,183,51,3.58824,"GollumEvent",183,51,3.58824,0
"177","droolsjbpm/guvnor",216,22,799,63,12.68254,"IssueCommentEvent",799,63,12.68254,0
"178","jackdempsey/acts_as_commentable",1,1,40,35,1.14286,"PullRequestEvent",40,35,1.14286,0
"179","vuejs/vuex-observable",1,1,53,51,1.03922,"PushEvent",53,51,1.03922,0
"180","bogde/HX711",6,1,215,94,2.28723,"PushEvent",215,94,2.28723,0
"181","clab/stack-lstm-ner",7,1,181,95,1.90526,"PushEvent",181,95,1.90526,0
"182","varnishcache/varnish-cache",13,2,2748,479,5.73695,"CreateEvent",2748,479,5.73695,0
"183","toleda/audio_CloverALC",21,21,296,187,1.58289,"ForkEvent",296,187,1.58289,0
"184","ledger/ledger",43,14,449,300,1.49667,"IssueCommentEvent",449,300,1.49667,0
"185","hashicorp/mdns",60,60,86,75,1.14667,"WatchEvent",86,75,1.14667,0
"186","bluerobotics/ardusub",62,5,581,35,16.6,"PullRequestEvent",581,35,16.6,0
"187","tomzo/gocd-yaml-config-plugin",70,13,202,40,5.05,"IssueCommentEvent",202,40,5.05,0
"188","LibreOffice/core",113,2,8903,111,80.20721,"CreateEvent",8903,111,80.20721,0
"189","Marswin/MarsDaemon",239,239,951,849,1.12014,"ForkEvent",951,849,1.12014,0
"190","droolsjbpm/guvnor",38,34,799,63,12.68254,"ForkEvent",799,63,12.68254,0
"191","YANGReal/JokeClient-Swift",23,23,85,77,1.1039,"ForkEvent",85,77,1.1039,0
"192","Xyl2k/TSA-Travel-Sentry-master-keys",2,2,622,576,1.07986,"PushEvent",622,576,1.07986,0
"193","bingzhengwei/ftrl_proximal_lr",2,1,37,27,1.37037,"PushEvent",37,27,1.37037,0
"194","iZettle/sdk-ios",28,4,252,55,4.58182,"PushEvent",252,55,4.58182,0
"195","emc-advanced-dev/unik",25,2,1631,772,2.11269,"CreateEvent",1631,772,2.11269,0
"196","getk2/k2",5,2,255,50,5.1,"DeleteEvent",255,50,5.1,0
"197","iZettle/sdk-ios",17,4,252,55,4.58182,"DeleteEvent",252,55,4.58182,0
"198","tomzo/gocd-yaml-config-plugin",19,9,202,40,5.05,"IssuesEvent",202,40,5.05,0
"199","org-trello/org-trello",1,1,151,50,3.02,"ReleaseEvent",151,50,3.02,0
"200","Xyl2k/TSA-Travel-Sentry-master-keys",6,4,622,576,1.07986,"PullRequestEvent",622,576,1.07986,0
"201","patriciogonzalezvivo/glslEditor",11,6,164,91,1.8022,"PullRequestEvent",164,91,1.8022,0
"202","watson-developer-cloud/botkit-middleware",13,7,130,51,2.54902,"PullRequestEvent",130,51,2.54902,0
"203","hussachai/play-scalajs-showcase",1,1,25,23,1.08696,"IssueCommentEvent",25,23,1.08696,0
"204","Microsoft/TSJS-lib-generator",27,5,456,58,7.86207,"PullRequestReviewCommentEvent",456,58,7.86207,0
"205","philippelt/netatmo-api-python",12,10,48,24,2,"ForkEvent",48,24,2,0
"206","adafruit/Adafruit_Sensor",43,43,96,89,1.07865,"ForkEvent",96,89,1.07865,0
"207","cakephp/acl",10,9,83,36,2.30556,"ForkEvent",83,36,2.30556,0
"208","hjiang/jsonxx",5,1,48,31,1.54839,"PushEvent",48,31,1.54839,0
"209","LibreOffice/core",8647,1,8903,111,80.20721,"PushEvent",8903,111,80.20721,0
"210","zzz40500/Tinker_imitator",794,783,964,867,1.11188,"WatchEvent",964,867,1.11188,0
"211","mysensors/MySensors",7,4,2580,234,11.02564,"CreateEvent",2580,234,11.02564,0
"212","Marswin/MarsDaemon",12,11,951,849,1.12014,"IssuesEvent",951,849,1.12014,0
"213","mxcl/OMGHTTPURLRQ",6,1,117,77,1.51948,"IssuesEvent",117,77,1.51948,0
"214","Wurst-Imperium/Wurst-Client-for-MC-1.9.X",12,2,167,58,2.87931,"IssuesEvent",167,58,2.87931,0
"215","oskarpearson/mmeowlink",1,1,227,53,4.28302,"MemberEvent",227,53,4.28302,0
"216","getk2/k2",22,10,255,50,5.1,"PullRequestEvent",255,50,5.1,0
"217","darkoperator/Posh-SecMod",2,1,37,35,1.05714,"PullRequestEvent",37,35,1.05714,0
"218","org-trello/org-trello",83,9,151,50,3.02,"IssueCommentEvent",151,50,3.02,0
"219","mysensors/MySensors",8,7,2580,234,11.02564,"PullRequestReviewCommentEvent",2580,234,11.02564,0
"220","sourcefabric/Newscoop",4,2,92,30,3.06667,"PullRequestReviewCommentEvent",92,30,3.06667,0
"221","simonlast/node-persist",1,1,210,83,2.53012,"PullRequestReviewCommentEvent",210,83,2.53012,0
"222","docker-library/rails",16,16,79,49,1.61224,"ForkEvent",79,49,1.61224,0
"223","getk2/k2",15,15,255,50,5.1,"ForkEvent",255,50,5.1,0
"224","mysensors/MySensors",134,7,2580,234,11.02564,"PushEvent",2580,234,11.02564,0
"225","wolkykim/qlibc",4,1,99,74,1.33784,"PushEvent",99,74,1.33784,0
"226","teamreflex/DiscordPHP",137,2,578,135,4.28148,"PushEvent",578,135,4.28148,0
"227","baoyongzhang/ApkChannelBuilder",188,185,225,204,1.10294,"WatchEvent",225,204,1.10294,0
"228","noidontdig/gitdown",671,670,700,687,1.01892,"WatchEvent",700,687,1.01892,0
"229","monque/PHP-Migration",42,42,107,47,2.2766,"WatchEvent",107,47,2.2766,0
"230","EDDiscovery/EDDiscovery",111,3,2650,104,25.48077,"CreateEvent",2650,104,25.48077,0
"231","kylemanna/docker-bitcoind",1,1,142,40,3.55,"DeleteEvent",142,40,3.55,0
"232","EDDiscovery/EDDiscovery",207,3,2650,104,25.48077,"GollumEvent",2650,104,25.48077,0
"233","andyet/SimpleWebRTC",128,56,950,501,1.89621,"IssuesEvent",950,501,1.89621,0
"234","PetteriAimonen/ED060SC4_driver",2,1,33,29,1.13793,"PullRequestEvent",33,29,1.13793,0
"235","mac-cain13/xdebug-helper-for-chrome",5,3,112,54,2.07407,"PullRequestEvent",112,54,2.07407,0
"236","philippelt/netatmo-api-python",13,5,48,24,2,"IssueCommentEvent",48,24,2,0
"237","bingzhengwei/ftrl_proximal_lr",3,2,37,27,1.37037,"IssueCommentEvent",37,27,1.37037,0
"238","ytiurin/hyphen",33,1,99,39,2.53846,"PushEvent",99,39,2.53846,0
"239","wix/detox",206,7,526,91,5.78022,"PushEvent",526,91,5.78022,0
"240","fourtf/chatterino",105,2,320,30,10.66667,"PushEvent",320,30,10.66667,0
"241","EDDiscovery/EDDiscovery",918,4,2650,104,25.48077,"PushEvent",2650,104,25.48077,0
"242","anand80/HelloCode",4,3,200,186,1.07527,"WatchEvent",200,186,1.07527,0
"243","patriciogonzalezvivo/glslEditor",83,83,164,91,1.8022,"WatchEvent",164,91,1.8022,0
"244","bedezign/yii2-audit",19,18,162,37,4.37838,"WatchEvent",162,37,4.37838,0
"245","hashicorp/mdns",4,3,86,75,1.14667,"PullRequestEvent",86,75,1.14667,0
"246","tomzo/gocd-yaml-config-plugin",10,10,202,40,5.05,"ForkEvent",202,40,5.05,0
"247","hussachai/play-scalajs-showcase",8,8,25,23,1.08696,"ForkEvent",25,23,1.08696,0
"248","engram-design/Comments",5,5,183,51,3.58824,"ForkEvent",183,51,3.58824,0
"249","docker-library/rails",4,3,79,49,1.61224,"PushEvent",79,49,1.61224,0
"250","mr-kelly/KEngine",73,1,111,39,2.84615,"PushEvent",111,39,2.84615,0
"251","julianlam/nodebb-plugin-mentions",7,2,79,23,3.43478,"PushEvent",79,23,3.43478,0
"252","andyet/SimpleWebRTC",348,341,950,501,1.89621,"WatchEvent",950,501,1.89621,0
"253","wix/detox",25,7,526,91,5.78022,"CreateEvent",526,91,5.78022,0
"254","GravityPDF/gravity-pdf",100,1,798,25,31.92,"CreateEvent",798,25,31.92,0
"255","wssgcg1213/koa2-react-isomorphic-boilerplate",222,1,917,85,10.78824,"DeleteEvent",917,85,10.78824,0
"256","sisoputnfrba/so-commons-library",9,5,84,22,3.81818,"IssuesEvent",84,22,3.81818,0
"257","iZettle/sdk-ios",47,28,252,55,4.58182,"IssuesEvent",252,55,4.58182,0
"258","Mte90/GH-License",6,1,147,24,6.125,"ReleaseEvent",147,24,6.125,0
"259","sourcefabric/Newscoop",13,4,92,30,3.06667,"IssueCommentEvent",92,30,3.06667,0
"260","fourtf/chatterino",13,5,320,30,10.66667,"IssueCommentEvent",320,30,10.66667,0
"261","jcouyang/clojure-flavored-javascript",3,3,39,26,1.5,"ForkEvent",39,26,1.5,0
"262","clab/stack-lstm-ner",32,32,181,95,1.90526,"ForkEvent",181,95,1.90526,0
"263","iatek/jquery-socialist",8,8,28,27,1.03704,"ForkEvent",28,27,1.03704,0
"264","jlafon/PynamoDB",31,29,867,169,5.13018,"ForkEvent",867,169,5.13018,0
"265","emc-advanced-dev/unik",68,57,1631,772,2.11269,"ForkEvent",1631,772,2.11269,0
"266","austinlyons/dcjs-leaflet-untappd",14,14,47,42,1.11905,"ForkEvent",47,42,1.11905,0
"267","hussachai/play-scalajs-showcase",1,1,25,23,1.08696,"PushEvent",25,23,1.08696,0
"268","engram-design/Comments",10,1,183,51,3.58824,"PushEvent",183,51,3.58824,0
"269","Marswin/MarsDaemon",681,670,951,849,1.12014,"WatchEvent",951,849,1.12014,0
"270","bogde/HX711",41,41,215,94,2.28723,"WatchEvent",215,94,2.28723,0
"271","bernardolins/fake_server",10,1,127,29,4.37931,"CreateEvent",127,29,4.37931,0
"272","nicolewhite/algebra.js",22,9,132,64,2.0625,"IssuesEvent",132,64,2.0625,0
"273","emc-advanced-dev/unik",56,13,1631,772,2.11269,"PullRequestEvent",1631,772,2.11269,0
"274","maximkoretskiy/postcss-initial",3,2,62,43,1.44186,"PullRequestEvent",62,43,1.44186,0
"275","Wurst-Imperium/Wurst-Client-for-MC-1.9.X",15,6,167,58,2.87931,"PullRequestEvent",167,58,2.87931,0
"276","bedezign/yii2-audit",47,14,162,37,4.37838,"IssueCommentEvent",162,37,4.37838,0
"277","varnishcache/varnish-cache",58,56,2748,479,5.73695,"ForkEvent",2748,479,5.73695,0
"278","oskarpearson/mmeowlink",16,15,227,53,4.28302,"ForkEvent",227,53,4.28302,0
"279","monque/PHP-Migration",2,2,107,47,2.2766,"ForkEvent",107,47,2.2766,0
"280","ponty/pyscreenshot",1,1,58,43,1.34884,"PushEvent",58,43,1.34884,0
"281","binder-project/binder",2,1,188,129,1.45736,"PushEvent",188,129,1.45736,0
"282","org-trello/org-trello",2,1,151,50,3.02,"PushEvent",151,50,3.02,0
"283","instacart/truetime-android",31,2,586,420,1.39524,"PushEvent",586,420,1.39524,0
"284","nemequ/munit",19,18,54,23,2.34783,"WatchEvent",54,23,2.34783,0
"285","emc-advanced-dev/unik",87,31,1631,772,2.11269,"IssuesEvent",1631,772,2.11269,0
"286","esnme/ultrajson",24,19,312,265,1.17736,"IssuesEvent",312,265,1.17736,0
"287","wolkykim/qlibc",1,1,99,74,1.33784,"ReleaseEvent",99,74,1.33784,0
"288","sisoputnfrba/so-commons-library",10,5,84,22,3.81818,"PullRequestEvent",84,22,3.81818,0
"289","sisoputnfrba/so-commons-library",11,11,84,22,3.81818,"ForkEvent",84,22,3.81818,0
"290","hjiang/jsonxx",7,7,48,31,1.54839,"ForkEvent",48,31,1.54839,0
"291","patriciogonzalezvivo/glslEditor",12,12,164,91,1.8022,"ForkEvent",164,91,1.8022,0
"292","anand80/HelloCode",3,1,200,186,1.07527,"PushEvent",200,186,1.07527,0
"293","nemequ/munit",22,2,54,23,2.34783,"PushEvent",54,23,2.34783,0
"294","simonlast/node-persist",14,1,210,83,2.53012,"PushEvent",210,83,2.53012,0
"295","mac-cain13/xdebug-helper-for-chrome",10,1,112,54,2.07407,"PushEvent",112,54,2.07407,0
"296","jlafon/PynamoDB",115,115,867,169,5.13018,"WatchEvent",867,169,5.13018,0
"297","z00k/vkbotphp",14,14,25,22,1.13636,"WatchEvent",25,22,1.13636,0
"298","instacart/truetime-android",4,1,586,420,1.39524,"DeleteEvent",586,420,1.39524,0
"299","ipfspics/ipfspics-server",6,4,206,130,1.58462,"PullRequestEvent",206,130,1.58462,0
"300","prime31/CharacterController2D",2,2,131,84,1.55952,"PullRequestEvent",131,84,1.55952,0
"301","Microsoft/TSJS-lib-generator",24,22,456,58,7.86207,"ForkEvent",456,58,7.86207,0
"302","Wurst-Imperium/Wurst-Client-for-MC-1.9.X",36,35,167,58,2.87931,"ForkEvent",167,58,2.87931,0
"303","DockYard/inquisitor",7,7,85,41,2.07317,"ForkEvent",85,41,2.07317,0
"304","emc-advanced-dev/unik",720,712,1631,772,2.11269,"WatchEvent",1631,772,2.11269,0
"305","toleda/audio_CloverALC",152,148,296,187,1.58289,"WatchEvent",296,187,1.58289,0
"306","fourtf/chatterino",23,23,320,30,10.66667,"WatchEvent",320,30,10.66667,0
"307","sisoputnfrba/so-commons-library",1,1,84,22,3.81818,"DeleteEvent",84,22,3.81818,0
"308","gmarm/BetterSegmentedControl",4,1,461,280,1.64643,"ReleaseEvent",461,280,1.64643,0
"309","esnme/ultrajson",11,5,312,265,1.17736,"PullRequestEvent",312,265,1.17736,0
"310","simonlast/node-persist",6,5,210,83,2.53012,"PullRequestEvent",210,83,2.53012,0
"311","mholgatem/ThermOS",15,3,106,47,2.25532,"IssueCommentEvent",106,47,2.25532,0
"312","hjiang/jsonxx",5,2,48,31,1.54839,"IssueCommentEvent",48,31,1.54839,0
"313","circonus-labs/reconnoiter",117,13,602,26,23.15385,"IssueCommentEvent",602,26,23.15385,0
"314","MozillaFoundation/plan",1,1,444,41,10.82927,"PushEvent",444,41,10.82927,0
"315","bingzhengwei/ftrl_proximal_lr",2,2,37,27,1.37037,"IssuesEvent",37,27,1.37037,0
"316","bedezign/yii2-audit",2,1,162,37,4.37838,"CreateEvent",162,37,4.37838,0
"317","maximkoretskiy/postcss-initial",2,2,62,43,1.44186,"IssuesEvent",62,43,1.44186,0
"318","nemequ/munit",4,2,54,23,2.34783,"DeleteEvent",54,23,2.34783,0
"319","Mte90/GH-License",8,8,147,24,6.125,"WatchEvent",147,24,6.125,0
"320","francoiscampbell/CLionArduinoPlugin",9,8,59,52,1.13462,"IssuesEvent",59,52,1.13462,0
"321","datejs/Datejs",9,8,254,236,1.07627,"IssuesEvent",254,236,1.07627,0
"322","mr-kelly/KEngine",11,11,111,39,2.84615,"ForkEvent",111,39,2.84615,0
"323","julianlam/nodebb-plugin-mentions",12,7,79,23,3.43478,"IssuesEvent",79,23,3.43478,0
"324","Wurst-Imperium/Wurst-Client-for-MC-1.9.X",12,1,167,58,2.87931,"PushEvent",167,58,2.87931,0
"325","esnme/ultrajson",14,14,312,265,1.17736,"ForkEvent",312,265,1.17736,0
"326","patriciogonzalezvivo/glslEditor",22,4,164,91,1.8022,"IssueCommentEvent",164,91,1.8022,0
"327","bernardolins/fake_server",26,23,127,29,4.37931,"WatchEvent",127,29,4.37931,0
"328","varnishcache/varnish-cache",27,6,2748,479,5.73695,"GollumEvent",2748,479,5.73695,0
"329","symfony/symfony",37,3,25651,3057,8.39091,"CreateEvent",25651,3057,8.39091,0
"330","bernardolins/fake_server",41,1,127,29,4.37931,"PushEvent",127,29,4.37931,0
"331","binder-project/binder",82,82,188,129,1.45736,"WatchEvent",188,129,1.45736,0
"332","symfony/symfony",1381,9,25651,3057,8.39091,"PushEvent",25651,3057,8.39091,0
"333","cjacobwade/HelpfulScripts",35,35,288,249,1.15663,"ForkEvent",288,249,1.15663,0
"334","bedezign/yii2-audit",30,2,162,37,4.37838,"PushEvent",162,37,4.37838,0
"335","esnme/ultrajson",4,1,312,265,1.17736,"PushEvent",312,265,1.17736,0
"336","tomzo/gocd-yaml-config-plugin",7,1,202,40,5.05,"CreateEvent",202,40,5.05,0
"337","JBZoo/Utils",2,1,133,43,3.09302,"DeleteEvent",133,43,3.09302,0
"338","EDDiscovery/EDDiscovery",182,55,2650,104,25.48077,"IssuesEvent",2650,104,25.48077,0
"339","python-excel/xlutils",1,1,60,37,1.62162,"IssuesEvent",60,37,1.62162,0
"340","cakephp/acl",8,6,83,36,2.30556,"IssuesEvent",83,36,2.30556,0
"341","iZettle/sdk-ios",3,1,252,55,4.58182,"ReleaseEvent",252,55,4.58182,0
"342","org-trello/org-trello",4,2,151,50,3.02,"PullRequestEvent",151,50,3.02,0
"343","andyet/SimpleWebRTC",279,60,950,501,1.89621,"IssueCommentEvent",950,501,1.89621,0
"344","wix/detox",65,10,526,91,5.78022,"IssueCommentEvent",526,91,5.78022,0
"345","tommoor/fastimage",2,2,23,21,1.09524,"IssueCommentEvent",23,21,1.09524,0
"346","nemequ/munit",2,2,54,23,2.34783,"IssuesEvent",54,23,2.34783,0
"347","docker-library/rails",3,2,79,49,1.61224,"PullRequestEvent",79,49,1.61224,0
"348","jcouyang/clojure-flavored-javascript",5,4,39,26,1.5,"IssuesEvent",39,26,1.5,0
"349","zhufengzhufeng/angularjs",7,7,31,28,1.10714,"WatchEvent",31,28,1.10714,0
"350","circonus-labs/reconnoiter",10,4,602,26,23.15385,"IssuesEvent",602,26,23.15385,0
"351","tommoor/fastimage",13,12,23,21,1.09524,"WatchEvent",23,21,1.09524,0
"352","DockYard/inquisitor",13,3,85,41,2.07317,"IssueCommentEvent",85,41,2.07317,0
"353","instacart/truetime-android",64,14,586,420,1.39524,"IssueCommentEvent",586,420,1.39524,0
"354","oskarpearson/mmeowlink",93,25,227,53,4.28302,"GollumEvent",227,53,4.28302,0
"355","varnishcache/varnish-cache",368,364,2748,479,5.73695,"WatchEvent",2748,479,5.73695,0
"356","symfony/symfony",1429,1387,25651,3057,8.39091,"WatchEvent",25651,3057,8.39091,0
"357","org-trello/org-trello",6,6,151,50,3.02,"ForkEvent",151,50,3.02,0
"358","GravityPDF/gravity-pdf",3,3,798,25,31.92,"ForkEvent",798,25,31.92,0
"359","samlaudev/iOS-Best-Practices",11,11,52,47,1.10638,"ForkEvent",52,47,1.10638,0
"360","mholgatem/ThermOS",35,1,106,47,2.25532,"PushEvent",106,47,2.25532,0
"361","clab/stack-lstm-ner",62,60,181,95,1.90526,"WatchEvent",181,95,1.90526,0
"362","org-trello/org-trello",36,36,151,50,3.02,"WatchEvent",151,50,3.02,0
"363","bingzhengwei/ftrl_proximal_lr",21,21,37,27,1.37037,"WatchEvent",37,27,1.37037,0
"364","vuejs/vuex-observable",50,50,53,51,1.03922,"WatchEvent",53,51,1.03922,0
"365","oskarpearson/mmeowlink",4,1,227,53,4.28302,"CreateEvent",227,53,4.28302,0
"366","Mte90/GH-License",14,2,147,24,6.125,"IssuesEvent",147,24,6.125,0
"367","org-trello/org-trello",18,8,151,50,3.02,"IssuesEvent",151,50,3.02,0
"368","hashicorp/mdns",1,1,86,75,1.14667,"IssuesEvent",86,75,1.14667,0
"369","bluerobotics/ardusub",2,1,581,35,16.6,"ReleaseEvent",581,35,16.6,0
"370","koajs/static-cache",6,4,41,34,1.20588,"IssueCommentEvent",41,34,1.20588,0
"371","sisoputnfrba/so-commons-library",8,6,84,22,3.81818,"WatchEvent",84,22,3.81818,0
"372","iatek/jquery-socialist",17,17,28,27,1.03704,"WatchEvent",28,27,1.03704,0
"373","wolkykim/qlibc",1,1,99,74,1.33784,"CreateEvent",99,74,1.33784,0
"374","symfony/symfony",4,3,25651,3057,8.39091,"DeleteEvent",25651,3057,8.39091,0
"375","pudo/dataset",25,16,491,399,1.23058,"IssuesEvent",491,399,1.23058,0
"376","jlafon/PynamoDB",39,24,867,169,5.13018,"IssuesEvent",867,169,5.13018,0
"377","bluerobotics/ardusub",1,1,581,35,16.6,"MemberEvent",581,35,16.6,0
"378","getk2/k2",3,1,255,50,5.1,"ReleaseEvent",255,50,5.1,0
"379","varnishcache/varnish-cache",1196,72,2748,479,5.73695,"IssueCommentEvent",2748,479,5.73695,0
"380","wssgcg1213/koa2-react-isomorphic-boilerplate",31,8,917,85,10.78824,"IssueCommentEvent",917,85,10.78824,0
"381","datejs/Datejs",11,8,254,236,1.07627,"IssueCommentEvent",254,236,1.07627,0
"382","esnme/ultrajson",48,33,312,265,1.17736,"IssueCommentEvent",312,265,1.17736,0
"383","bogde/HX711",12,2,215,94,2.28723,"PullRequestReviewCommentEvent",215,94,2.28723,0
"384","jcouyang/clojure-flavored-javascript",4,1,39,26,1.5,"PushEvent",39,26,1.5,0
"385","francoiscampbell/CLionArduinoPlugin",25,25,59,52,1.13462,"WatchEvent",59,52,1.13462,0
"386","linkedin/camus",48,47,79,73,1.08219,"WatchEvent",79,73,1.08219,0
"387","wix/detox",6,2,526,91,5.78022,"DeleteEvent",526,91,5.78022,0
"388","iatek/jquery-socialist",2,2,28,27,1.03704,"IssuesEvent",28,27,1.03704,0
"389","wssgcg1213/koa2-react-isomorphic-boilerplate",15,9,917,85,10.78824,"IssuesEvent",917,85,10.78824,0
"390","tomzo/gocd-yaml-config-plugin",10,1,202,40,5.05,"ReleaseEvent",202,40,5.05,0
"391","wssgcg1213/koa2-react-isomorphic-boilerplate",195,2,917,85,10.78824,"PullRequestEvent",917,85,10.78824,0
"392","bernardolins/fake_server",6,4,127,29,4.37931,"PullRequestEvent",127,29,4.37931,0
"393","darkoperator/Posh-SecMod",9,9,37,35,1.05714,"ForkEvent",37,35,1.05714,0
"394","sisoputnfrba/so-commons-library",6,2,84,22,3.81818,"PushEvent",84,22,3.81818,0
"395","Xyl2k/TSA-Travel-Sentry-master-keys",480,468,622,576,1.07986,"WatchEvent",622,576,1.07986,0
"396","sofish/express-guide",18,17,27,26,1.03846,"WatchEvent",27,26,1.03846,0
"397","docker-library/rails",26,26,79,49,1.61224,"WatchEvent",79,49,1.61224,0
"398","sourcefabric/Newscoop",14,14,92,30,3.06667,"WatchEvent",92,30,3.06667,0
"399","jackdempsey/acts_as_commentable",1,1,40,35,1.14286,"IssuesEvent",40,35,1.14286,0
"400","bedezign/yii2-audit",2,1,162,37,4.37838,"ReleaseEvent",162,37,4.37838,0
"401","kylemanna/docker-bitcoind",22,4,142,40,3.55,"PullRequestEvent",142,40,3.55,0
"402","emc-advanced-dev/unik",205,28,1631,772,2.11269,"IssueCommentEvent",1631,772,2.11269,0
"403","bernardolins/fake_server",22,5,127,29,4.37931,"IssueCommentEvent",127,29,4.37931,0
"404","mcdonamp/flaming-specs",4,4,24,24,1,"ForkEvent",24,24,1,0
"405","koajs/static-cache",3,3,41,34,1.20588,"ForkEvent",41,34,1.20588,0
"406","kylemanna/docker-bitcoind",19,18,142,40,3.55,"ForkEvent",142,40,3.55,0
"407","python-excel/xlutils",7,7,60,37,1.62162,"ForkEvent",60,37,1.62162,0
"408","Mte90/GH-License",24,1,147,24,6.125,"PushEvent",147,24,6.125,0
"409","prime31/CharacterController2D",1,1,131,84,1.55952,"PushEvent",131,84,1.55952,0
"410","maximkoretskiy/postcss-initial",7,1,62,43,1.44186,"PushEvent",62,43,1.44186,0
"411","varnishcache/varnish-cache",268,69,2748,479,5.73695,"IssuesEvent",2748,479,5.73695,0
"412","mholgatem/ThermOS",8,4,106,47,2.25532,"IssuesEvent",106,47,2.25532,0
"413","wolkykim/qlibc",4,4,99,74,1.33784,"IssuesEvent",99,74,1.33784,0
"414","iZettle/sdk-ios",22,5,252,55,4.58182,"PullRequestEvent",252,55,4.58182,0
"415","andyet/SimpleWebRTC",2,2,950,501,1.89621,"CommitCommentEvent",950,501,1.89621,0
"416","ledger/ledger",1,1,449,300,1.49667,"CommitCommentEvent",449,300,1.49667,0
"417","mxcl/OMGHTTPURLRQ",4,1,117,77,1.51948,"CreateEvent",117,77,1.51948,0
"418","mxcl/OMGHTTPURLRQ",5,4,117,77,1.51948,"IssueCommentEvent",117,77,1.51948,0
"419","noidontdig/gitdown",5,4,700,687,1.01892,"IssuesEvent",700,687,1.01892,0
"420","z00k/vkbotphp",11,10,25,22,1.13636,"ForkEvent",25,22,1.13636,0
"421","jlafon/PynamoDB",13,1,867,169,5.13018,"DeleteEvent",867,169,5.13018,0
"422","oskarpearson/mmeowlink",14,14,227,53,4.28302,"WatchEvent",227,53,4.28302,0
"423","andyet/SimpleWebRTC",15,6,950,501,1.89621,"PullRequestEvent",950,501,1.89621,0
"424","durandalproject/aurelia",17,17,25,21,1.19048,"WatchEvent",25,21,1.19048,0
"425","iZettle/sdk-ios",21,2,252,55,4.58182,"CreateEvent",252,55,4.58182,0
"426","emc-advanced-dev/unik",27,1,1631,772,2.11269,"DeleteEvent",1631,772,2.11269,0
"427","ledger/ledger",33,33,449,300,1.49667,"ForkEvent",449,300,1.49667,0
"428","maximkoretskiy/postcss-initial",37,37,62,43,1.44186,"WatchEvent",62,43,1.44186,0
"429","ipfspics/ipfspics-server",97,95,206,130,1.58462,"WatchEvent",206,130,1.58462,0
"430","wssgcg1213/koa2-react-isomorphic-boilerplate",14,14,917,85,10.78824,"ForkEvent",917,85,10.78824,0
"431","bluerobotics/ardusub",12,12,581,35,16.6,"ForkEvent",581,35,16.6,0
"432","baoyongzhang/ApkChannelBuilder",1,1,225,204,1.10294,"PushEvent",225,204,1.10294,0
"433","wssgcg1213/koa2-react-isomorphic-boilerplate",96,1,917,85,10.78824,"PushEvent",917,85,10.78824,0
"434","durandalproject/aurelia",2,1,25,21,1.19048,"PushEvent",25,21,1.19048,0
"435","jcouyang/clojure-flavored-javascript",22,22,39,26,1.5,"WatchEvent",39,26,1.5,0
"436","darkoperator/Posh-SecMod",26,26,37,35,1.05714,"WatchEvent",37,35,1.05714,0
"437","kylemanna/docker-bitcoind",1,1,142,40,3.55,"CreateEvent",142,40,3.55,0
"438","julianlam/nodebb-plugin-mentions",1,1,79,23,3.43478,"CreateEvent",79,23,3.43478,0
"439","engram-design/Comments",5,1,183,51,3.58824,"CreateEvent",183,51,3.58824,0
"440","mysensors/MySensors",5,3,2580,234,11.02564,"DeleteEvent",2580,234,11.02564,0
"441","droolsjbpm/guvnor",18,2,799,63,12.68254,"DeleteEvent",799,63,12.68254,0
"442","EDDiscovery/EDDiscovery",63,3,2650,104,25.48077,"DeleteEvent",2650,104,25.48077,0
"443","sarbian/ModuleManager",16,7,80,35,2.28571,"IssuesEvent",80,35,2.28571,0
"444","MozillaFoundation/plan",66,14,444,41,10.82927,"IssuesEvent",444,41,10.82927,0
"445","GravityPDF/gravity-pdf",1,1,798,25,31.92,"MemberEvent",798,25,31.92,0
"446","ledger/ledger",52,19,449,300,1.49667,"PullRequestEvent",449,300,1.49667,0
"447","iatek/jquery-socialist",1,1,28,27,1.03704,"PullRequestEvent",28,27,1.03704,0
"448","ponty/pyscreenshot",13,5,58,43,1.34884,"IssueCommentEvent",58,43,1.34884,0
"449","teamreflex/DiscordPHP",2,2,578,135,4.28148,"CommitCommentEvent",578,135,4.28148,0
"450","sofish/express-guide",9,9,27,26,1.03846,"ForkEvent",27,26,1.03846,0
"451","ledger/ledger",40,4,449,300,1.49667,"PushEvent",449,300,1.49667,0
"452","nicolewhite/algebra.js",52,52,132,64,2.0625,"WatchEvent",132,64,2.0625,0
"453","getk2/k2",8,7,255,50,5.1,"WatchEvent",255,50,5.1,0
"454","droolsjbpm/guvnor",7,7,799,63,12.68254,"WatchEvent",799,63,12.68254,0
"455","cjacobwade/HelpfulScripts",227,226,288,249,1.15663,"WatchEvent",288,249,1.15663,0
"456","teamreflex/DiscordPHP",4,2,578,135,4.28148,"DeleteEvent",578,135,4.28148,0
"457","Wurst-Imperium/Wurst-Client-for-MC-1.9.X",1,1,167,58,2.87931,"DeleteEvent",167,58,2.87931,0
"458","getk2/k2",45,20,255,50,5.1,"IssuesEvent",255,50,5.1,0
"459","clab/stack-lstm-ner",2,2,181,95,1.90526,"PullRequestEvent",181,95,1.90526,0
"460","jlafon/PynamoDB",97,17,867,169,5.13018,"PullRequestEvent",867,169,5.13018,0
"461","oskarpearson/mmeowlink",19,6,227,53,4.28302,"PullRequestEvent",227,53,4.28302,0
"462","instacart/truetime-android",17,6,586,420,1.39524,"PullRequestEvent",586,420,1.39524,0
"463","mysensors/MySensors",1799,64,2580,234,11.02564,"IssueCommentEvent",2580,234,11.02564,0
"464","Xyl2k/TSA-Travel-Sentry-master-keys",132,130,622,576,1.07986,"ForkEvent",622,576,1.07986,0
"465","jackdempsey/acts_as_commentable",7,7,40,35,1.14286,"ForkEvent",40,35,1.14286,0
"466","pudo/dataset",35,34,491,399,1.23058,"ForkEvent",491,399,1.23058,0
"467","cjacobwade/HelpfulScripts",26,1,288,249,1.15663,"PushEvent",288,249,1.15663,0
"468","EDDiscovery/EDDiscovery",38,37,2650,104,25.48077,"WatchEvent",2650,104,25.48077,0
"469","circonus-labs/reconnoiter",32,5,602,26,23.15385,"CreateEvent",602,26,23.15385,0
"470","gmarm/BetterSegmentedControl",9,1,461,280,1.64643,"CreateEvent",461,280,1.64643,0
"471","Microsoft/TSJS-lib-generator",11,2,456,58,7.86207,"DeleteEvent",456,58,7.86207,0
"472","bedezign/yii2-audit",28,11,162,37,4.37838,"IssuesEvent",162,37,4.37838,0
"473","austinlyons/dcjs-leaflet-untappd",1,1,47,42,1.11905,"IssuesEvent",47,42,1.11905,0
"474","bogde/HX711",27,15,215,94,2.28723,"IssuesEvent",215,94,2.28723,0
"475","engram-design/Comments",5,1,183,51,3.58824,"ReleaseEvent",183,51,3.58824,0
"476","toleda/audio_CloverALC",3,3,296,187,1.58289,"PullRequestEvent",296,187,1.58289,0
"477","DockYard/inquisitor",8,5,85,41,2.07317,"PullRequestEvent",85,41,2.07317,0
"478","jackdempsey/acts_as_commentable",3,2,40,35,1.14286,"IssueCommentEvent",40,35,1.14286,0
"479","wix/detox",12,2,526,91,5.78022,"PullRequestReviewCommentEvent",526,91,5.78022,0
"480","cakephp/acl",1,1,83,36,2.30556,"PullRequestReviewCommentEvent",83,36,2.30556,0
"481","datejs/Datejs",47,47,254,236,1.07627,"ForkEvent",254,236,1.07627,0
"482","EDDiscovery/EDDiscovery",18,16,2650,104,25.48077,"ForkEvent",2650,104,25.48077,0
"483","esnme/ultrajson",211,208,312,265,1.17736,"WatchEvent",312,265,1.17736,0
"484","samlaudev/iOS-Best-Practices",40,40,52,47,1.10638,"WatchEvent",52,47,1.10638,0
"485","nemequ/munit",2,1,54,23,2.34783,"CreateEvent",54,23,2.34783,0
"486","ytiurin/hyphen",4,3,99,39,2.53846,"IssuesEvent",99,39,2.53846,0
"487","nicolewhite/algebra.js",5,2,132,64,2.0625,"PullRequestEvent",132,64,2.0625,0
"488","baoyongzhang/ApkChannelBuilder",9,4,225,204,1.10294,"IssueCommentEvent",225,204,1.10294,0
"489","iZettle/sdk-ios",99,31,252,55,4.58182,"IssueCommentEvent",252,55,4.58182,0
"490","Wurst-Imperium/Wurst-Client-for-MC-1.9.X",5,3,167,58,2.87931,"PullRequestReviewCommentEvent",167,58,2.87931,0
"491","linkedin/camus",31,31,79,73,1.08219,"ForkEvent",79,73,1.08219,0
"492","teamreflex/DiscordPHP",62,59,578,135,4.28148,"WatchEvent",578,135,4.28148,0
"493","GravityPDF/gravity-pdf",92,1,798,25,31.92,"DeleteEvent",798,25,31.92,0
"494","manishiitg/excellence_magento_blog",2,1,58,53,1.09434,"IssuesEvent",58,53,1.09434,0
"495","mac-cain13/xdebug-helper-for-chrome",19,11,112,54,2.07407,"IssuesEvent",112,54,2.07407,0
"496","sisoputnfrba/so-commons-library",35,8,84,22,3.81818,"IssueCommentEvent",84,22,3.81818,0
"497","manishiitg/excellence_magento_blog",1,1,58,53,1.09434,"IssueCommentEvent",58,53,1.09434,0
"498","mysensors/MySensors",3,2,2580,234,11.02564,"CommitCommentEvent",2580,234,11.02564,0
"499","anand80/HelloCode",185,184,200,186,1.07527,"ForkEvent",200,186,1.07527,0
"500","nicolewhite/algebra.js",12,1,132,64,2.0625,"PushEvent",132,64,2.0625,0
"501","zzz40500/Tinker_imitator",21,1,964,867,1.11188,"PushEvent",964,867,1.11188,0
"502","sarbian/ModuleManager",14,14,80,35,2.28571,"WatchEvent",80,35,2.28571,0
"503","hjiang/jsonxx",1,1,48,31,1.54839,"CreateEvent",48,31,1.54839,0
"504","wssgcg1213/koa2-react-isomorphic-boilerplate",267,1,917,85,10.78824,"CreateEvent",917,85,10.78824,0
"505","DockYard/inquisitor",2,2,85,41,2.07317,"CreateEvent",85,41,2.07317,0
"506","gmarm/BetterSegmentedControl",5,1,461,280,1.64643,"DeleteEvent",461,280,1.64643,0
"507","durandalproject/aurelia",1,1,25,21,1.19048,"IssuesEvent",25,21,1.19048,0
"508","droolsjbpm/guvnor",1,1,799,63,12.68254,"MemberEvent",799,63,12.68254,0
"509","mxcl/OMGHTTPURLRQ",3,2,117,77,1.51948,"PullRequestEvent",117,77,1.51948,0
"510","monque/PHP-Migration",10,3,107,47,2.2766,"IssueCommentEvent",107,47,2.2766,0
"511","mac-cain13/xdebug-helper-for-chrome",29,10,112,54,2.07407,"IssueCommentEvent",112,54,2.07407,0
"512","noidontdig/gitdown",1,1,700,687,1.01892,"PullRequestReviewCommentEvent",700,687,1.01892,0
"513","247687009/soa",18,18,45,40,1.125,"ForkEvent",45,40,1.125,0
"514","circonus-labs/reconnoiter",3,3,602,26,23.15385,"ForkEvent",602,26,23.15385,0
"515","kylemanna/docker-bitcoind",25,1,142,40,3.55,"PushEvent",142,40,3.55,0
"516","247687009/soa",27,25,45,40,1.125,"WatchEvent",45,40,1.125,0
"517","adafruit/Adafruit_Sensor",3,3,96,89,1.07865,"IssuesEvent",96,89,1.07865,0
"518","engram-design/Comments",38,22,183,51,3.58824,"IssuesEvent",183,51,3.58824,0
"519","sarbian/ModuleManager",8,4,80,35,2.28571,"PullRequestEvent",80,35,2.28571,0
"520","Microsoft/TSJS-lib-generator",124,25,456,58,7.86207,"PullRequestEvent",456,58,7.86207,0
"521","wolkykim/qlibc",2,2,99,74,1.33784,"PullRequestEvent",99,74,1.33784,0
"522","getk2/k2",68,21,255,50,5.1,"IssueCommentEvent",255,50,5.1,0
"523","cakephp/acl",29,15,83,36,2.30556,"IssueCommentEvent",83,36,2.30556,0
"524","andyet/SimpleWebRTC",111,111,950,501,1.89621,"ForkEvent",950,501,1.89621,0
"525","mustafaflux/tg",45,41,45,41,1.09756,"ForkEvent",45,41,1.09756,0
"526","adafruit/Adafruit_Sensor",1,1,96,89,1.07865,"PushEvent",96,89,1.07865,0
"527","JBZoo/Utils",42,1,133,43,3.09302,"PushEvent",133,43,3.09302,0
"528","mcdonamp/flaming-specs",20,20,24,24,1,"WatchEvent",24,24,1,0
"529","manishiitg/excellence_magento_blog",18,17,58,53,1.09434,"WatchEvent",58,53,1.09434,0
"530","engram-design/Comments",22,21,183,51,3.58824,"WatchEvent",183,51,3.58824,0
"531","cakephp/acl",3,3,83,36,2.30556,"CreateEvent",83,36,2.30556,0
"532","clab/stack-lstm-ner",53,9,181,95,1.90526,"IssueCommentEvent",181,95,1.90526,0
"533","bingzhengwei/ftrl_proximal_lr",9,9,37,27,1.37037,"ForkEvent",37,27,1.37037,0
"534","circonus-labs/reconnoiter",133,8,602,26,23.15385,"PushEvent",602,26,23.15385,0
"535","iZettle/sdk-ios",15,15,252,55,4.58182,"WatchEvent",252,55,4.58182,0
"536","datejs/Datejs",187,186,254,236,1.07627,"WatchEvent",254,236,1.07627,0
"537","zzz40500/Tinker_imitator",2,1,964,867,1.11188,"CreateEvent",964,867,1.11188,0
"538","zhufengzhufeng/angularjs",1,1,31,28,1.10714,"CreateEvent",31,28,1.10714,0
"539","teamreflex/DiscordPHP",117,42,578,135,4.28148,"IssuesEvent",578,135,4.28148,0
"540","wix/detox",88,14,526,91,5.78022,"IssuesEvent",526,91,5.78022,0
"541","bluerobotics/ardusub",24,5,581,35,16.6,"IssuesEvent",581,35,16.6,0
"542","sourcefabric/Newscoop",12,7,92,30,3.06667,"IssuesEvent",92,30,3.06667,0
"543","symfony/symfony",1525,576,25651,3057,8.39091,"IssuesEvent",25651,3057,8.39091,0
"544","hjiang/jsonxx",5,2,48,31,1.54839,"PullRequestEvent",48,31,1.54839,0
"545","francoiscampbell/CLionArduinoPlugin",12,11,59,52,1.13462,"IssueCommentEvent",59,52,1.13462,0
"546","noidontdig/gitdown",6,6,700,687,1.01892,"IssueCommentEvent",700,687,1.01892,0
"547","hjiang/jsonxx",2,1,48,31,1.54839,"PullRequestReviewCommentEvent",48,31,1.54839,0
"548","baoyongzhang/ApkChannelBuilder",22,22,225,204,1.10294,"ForkEvent",225,204,1.10294,0
"549","wolkykim/qlibc",18,18,99,74,1.33784,"ForkEvent",99,74,1.33784,0
"550","symfony/symfony",822,782,25651,3057,8.39091,"ForkEvent",25651,3057,8.39091,0
"551","LibreOffice/core",41,39,8903,111,80.20721,"ForkEvent",8903,111,80.20721,0
"552","Stamplay/stamplay-stackoverflow",16,16,26,23,1.13043,"WatchEvent",26,23,1.13043,0
"553","tomzo/gocd-yaml-config-plugin",26,25,202,40,5.05,"WatchEvent",202,40,5.05,0
"554","hjiang/jsonxx",22,22,48,31,1.54839,"WatchEvent",48,31,1.54839,0
"555","jlafon/PynamoDB",20,1,867,169,5.13018,"CreateEvent",867,169,5.13018,0
"556","clab/stack-lstm-ner",21,10,181,95,1.90526,"IssuesEvent",181,95,1.90526,0
"557","docker-library/rails",14,4,79,49,1.61224,"IssuesEvent",79,49,1.61224,0
"558","zhufengzhufeng/angularjs",1,1,31,28,1.10714,"IssuesEvent",31,28,1.10714,0
"559","Stamplay/stamplay-stackoverflow",2,1,26,23,1.13043,"MemberEvent",26,23,1.13043,0
"560","Wurst-Imperium/Wurst-Client-for-MC-1.9.X",68,18,167,58,2.87931,"IssueCommentEvent",167,58,2.87931,0
"561","austinlyons/dcjs-leaflet-untappd",3,2,47,42,1.11905,"IssueCommentEvent",47,42,1.11905,0
"562","bogde/HX711",89,24,215,94,2.28723,"IssueCommentEvent",215,94,2.28723,0
"563","symfony/symfony",12097,1087,25651,3057,8.39091,"IssueCommentEvent",25651,3057,8.39091,0
"564","symfony/symfony",70,34,25651,3057,8.39091,"CommitCommentEvent",25651,3057,8.39091,0
"565","emc-advanced-dev/unik",56,3,1631,772,2.11269,"PullRequestReviewCommentEvent",1631,772,2.11269,0
"566","watson-developer-cloud/botkit-middleware",2,2,130,51,2.54902,"PullRequestReviewCommentEvent",130,51,2.54902,0
"567","hashicorp/mdns",12,12,86,75,1.14667,"ForkEvent",86,75,1.14667,0
"568","prime31/CharacterController2D",22,22,131,84,1.55952,"ForkEvent",131,84,1.55952,0
"569","sephiroth74/AndroidWheel",9,9,41,39,1.05128,"ForkEvent",41,39,1.05128,0
"570","tomzo/gocd-yaml-config-plugin",42,1,202,40,5.05,"PushEvent",202,40,5.05,0
"571","getk2/k2",83,4,255,50,5.1,"PushEvent",255,50,5.1,0
"572","emc-advanced-dev/unik",342,3,1631,772,2.11269,"PushEvent",1631,772,2.11269,0
"573","circonus-labs/reconnoiter",11,11,602,26,23.15385,"WatchEvent",602,26,23.15385,0
"574","julianlam/nodebb-plugin-mentions",3,3,79,23,3.43478,"WatchEvent",79,23,3.43478,0
"575","GravityPDF/gravity-pdf",16,16,798,25,31.92,"WatchEvent",798,25,31.92,0
"576","org-trello/org-trello",1,1,151,50,3.02,"CreateEvent",151,50,3.02,0
"577","patriciogonzalezvivo/glslEditor",7,1,164,91,1.8022,"CreateEvent",164,91,1.8022,0
"578","Wurst-Imperium/Wurst-Client-for-MC-1.9.X",4,1,167,58,2.87931,"CreateEvent",167,58,2.87931,0
"579","watson-developer-cloud/botkit-middleware",3,2,130,51,2.54902,"DeleteEvent",130,51,2.54902,0
"580","monque/PHP-Migration",4,1,107,47,2.2766,"DeleteEvent",107,47,2.2766,0
"581","watson-developer-cloud/botkit-middleware",13,8,130,51,2.54902,"IssuesEvent",130,51,2.54902,0
"582","mysensors/MySensors",305,27,2580,234,11.02564,"PullRequestEvent",2580,234,11.02564,0
"583","gmarm/BetterSegmentedControl",26,10,461,280,1.64643,"PullRequestEvent",461,280,1.64643,0
"584","jcouyang/clojure-flavored-javascript",5,3,39,26,1.5,"IssueCommentEvent",39,26,1.5,0
"585","Mte90/GH-License",13,12,147,24,6.125,"ForkEvent",147,24,6.125,0
"586","ytiurin/hyphen",34,33,99,39,2.53846,"WatchEvent",99,39,2.53846,0
"587","bluerobotics/ardusub",16,16,581,35,16.6,"WatchEvent",581,35,16.6,0
"588","cakephp/acl",15,15,83,36,2.30556,"WatchEvent",83,36,2.30556,0
"589","DockYard/inquisitor",34,33,85,41,2.07317,"WatchEvent",85,41,2.07317,0
"590","anand80/HelloCode",8,1,200,186,1.07527,"CreateEvent",200,186,1.07527,0
"591","bogde/HX711",1,1,215,94,2.28723,"CreateEvent",215,94,2.28723,0
"592","bluerobotics/ardusub",188,2,581,35,16.6,"DeleteEvent",581,35,16.6,0
"593","oskarpearson/mmeowlink",12,7,227,53,4.28302,"IssuesEvent",227,53,4.28302,0
"594","GravityPDF/gravity-pdf",170,1,798,25,31.92,"PullRequestEvent",798,25,31.92,0
"595","hashicorp/mdns",5,3,86,75,1.14667,"PullRequestReviewCommentEvent",86,75,1.14667,0
"596","maximkoretskiy/postcss-initial",4,4,62,43,1.44186,"ForkEvent",62,43,1.44186,0
"597","gmarm/BetterSegmentedControl",40,38,461,280,1.64643,"ForkEvent",461,280,1.64643,0
"598","watson-developer-cloud/botkit-middleware",27,27,130,51,2.54902,"WatchEvent",130,51,2.54902,0
"599","LibreOffice/core",70,67,8903,111,80.20721,"WatchEvent",8903,111,80.20721,0
"600","instacart/truetime-android",40,13,586,420,1.39524,"IssuesEvent",586,420,1.39524,0
"601","monque/PHP-Migration",4,2,107,47,2.2766,"PullRequestEvent",107,47,2.2766,0
"602","sarbian/ModuleManager",19,8,80,35,2.28571,"IssueCommentEvent",80,35,2.28571,0
"603","Xyl2k/TSA-Travel-Sentry-master-keys",2,2,622,576,1.07986,"IssueCommentEvent",622,576,1.07986,0
"604","docker-library/rails",16,6,79,49,1.61224,"IssueCommentEvent",79,49,1.61224,0
"605","Microsoft/TSJS-lib-generator",167,25,456,58,7.86207,"IssueCommentEvent",456,58,7.86207,0
"606","ipfspics/ipfspics-server",31,8,206,130,1.58462,"IssueCommentEvent",206,130,1.58462,0
"607","mac-cain13/xdebug-helper-for-chrome",3,2,112,54,2.07407,"CommitCommentEvent",112,54,2.07407,0
"608","EDDiscovery/EDDiscovery",5,3,2650,104,25.48077,"PullRequestReviewCommentEvent",2650,104,25.48077,0
"609","sarbian/ModuleManager",8,1,80,35,2.28571,"PushEvent",80,35,2.28571,0
"610","bluerobotics/ardusub",156,3,581,35,16.6,"PushEvent",581,35,16.6,0
"611","mholgatem/ThermOS",39,39,106,47,2.25532,"WatchEvent",106,47,2.25532,0
"612","durandalproject/aurelia",1,1,25,21,1.19048,"CreateEvent",25,21,1.19048,0
"613","maximkoretskiy/postcss-initial",2,1,62,43,1.44186,"CreateEvent",62,43,1.44186,0
"614","instacart/truetime-android",5,1,586,420,1.39524,"CreateEvent",586,420,1.39524,0
"615","binder-project/binder",40,27,188,129,1.45736,"IssuesEvent",188,129,1.45736,0
"616","tommoor/fastimage",1,1,23,21,1.09524,"IssuesEvent",23,21,1.09524,0
"617","wix/detox",2,2,526,91,5.78022,"ReleaseEvent",526,91,5.78022,0
"618","ytiurin/hyphen",4,3,99,39,2.53846,"PullRequestEvent",99,39,2.53846,0
"619","binder-project/binder",57,25,188,129,1.45736,"IssueCommentEvent",188,129,1.45736,0
"620","EDDiscovery/EDDiscovery",398,49,2650,104,25.48077,"IssueCommentEvent",2650,104,25.48077,0
"621","noidontdig/gitdown",15,15,700,687,1.01892,"ForkEvent",700,687,1.01892,0
"622","bedezign/yii2-audit",10,9,162,37,4.37838,"ForkEvent",162,37,4.37838,0
"623","monque/PHP-Migration",28,1,107,47,2.2766,"PushEvent",107,47,2.2766,0
"624","adafruit/Adafruit_Sensor",47,46,96,89,1.07865,"WatchEvent",96,89,1.07865,0
"625","Microsoft/TSJS-lib-generator",18,18,456,58,7.86207,"WatchEvent",456,58,7.86207,0
"626","prime31/CharacterController2D",62,62,131,84,1.55952,"WatchEvent",131,84,1.55952,0
"627","fourtf/chatterino",5,2,320,30,10.66667,"CreateEvent",320,30,10.66667,0
"628","fourtf/chatterino",1,1,320,30,10.66667,"DeleteEvent",320,30,10.66667,0
"629","bernardolins/fake_server",2,1,127,29,4.37931,"DeleteEvent",127,29,4.37931,0
"630","ledger/ledger",9,5,449,300,1.49667,"GollumEvent",449,300,1.49667,0
"631","ipfspics/ipfspics-server",10,6,206,130,1.58462,"IssuesEvent",206,130,1.58462,0
"632","DockYard/inquisitor",3,3,85,41,2.07317,"IssuesEvent",85,41,2.07317,0
"633","wix/detox",4,3,526,91,5.78022,"MemberEvent",526,91,5.78022,0
"634","Wurst-Imperium/Wurst-Client-for-MC-1.9.X",3,1,167,58,2.87931,"ReleaseEvent",167,58,2.87931,0
"635","instacart/truetime-android",2,1,586,420,1.39524,"ReleaseEvent",586,420,1.39524,0
"636","varnishcache/varnish-cache",162,20,2748,479,5.73695,"PullRequestEvent",2748,479,5.73695,0
"637","circonus-labs/reconnoiter",194,9,602,26,23.15385,"PullRequestEvent",602,26,23.15385,0
"638","python-excel/xlutils",1,1,60,37,1.62162,"PullRequestEvent",60,37,1.62162,0
"639","circonus-labs/reconnoiter",78,5,602,26,23.15385,"PullRequestReviewCommentEvent",602,26,23.15385,0
"640","jlafon/PynamoDB",146,12,867,169,5.13018,"PullRequestReviewCommentEvent",867,169,5.13018,0
"641","binder-project/binder",7,7,188,129,1.45736,"ForkEvent",188,129,1.45736,0
"642","ipfspics/ipfspics-server",30,30,206,130,1.58462,"ForkEvent",206,130,1.58462,0
"643","sourcefabric/Newscoop",10,10,92,30,3.06667,"ForkEvent",92,30,3.06667,0
"644","fourtf/chatterino",5,3,320,30,10.66667,"ForkEvent",320,30,10.66667,0
"645","pudo/dataset",19,2,491,399,1.23058,"PushEvent",491,399,1.23058,0
"646","instacart/truetime-android",392,389,586,420,1.39524,"WatchEvent",586,420,1.39524,0
"647","patriciogonzalezvivo/glslEditor",4,2,164,91,1.8022,"IssuesEvent",164,91,1.8022,0
"648","prime31/CharacterController2D",38,3,131,84,1.55952,"IssuesEvent",131,84,1.55952,0
"649","hashicorp/mdns",4,3,86,75,1.14667,"IssueCommentEvent",86,75,1.14667,0
"650","julianlam/nodebb-plugin-mentions",41,14,79,23,3.43478,"IssueCommentEvent",79,23,3.43478,0
"651","gmarm/BetterSegmentedControl",66,15,461,280,1.64643,"IssueCommentEvent",461,280,1.64643,0
"652","DockYard/inquisitor",10,3,85,41,2.07317,"PullRequestReviewCommentEvent",85,41,2.07317,0
"653","ponty/pyscreenshot",1,1,58,43,1.34884,"CreateEvent",58,43,1.34884,0
"654","sisoputnfrba/so-commons-library",1,1,84,22,3.81818,"ReleaseEvent",84,22,3.81818,0
"655","durandalproject/aurelia",2,2,25,21,1.19048,"ForkEvent",25,21,1.19048,0
"656","durandalproject/aurelia",2,1,25,21,1.19048,"PullRequestEvent",25,21,1.19048,0
"657","emc-advanced-dev/unik",2,1,1631,772,2.11269,"MemberEvent",1631,772,2.11269,0
"658","sourcefabric/Newscoop",12,2,92,30,3.06667,"PushEvent",92,30,3.06667,0
"659","Mte90/GH-License",22,8,147,24,6.125,"PullRequestEvent",147,24,6.125,0
"660","oskarpearson/mmeowlink",24,2,227,53,4.28302,"PushEvent",227,53,4.28302,0
"661","andyet/SimpleWebRTC",33,1,950,501,1.89621,"DeleteEvent",950,501,1.89621,0
"662","YANGReal/JokeClient-Swift",62,62,85,77,1.1039,"WatchEvent",85,77,1.1039,0
"663","wssgcg1213/koa2-react-isomorphic-boilerplate",77,72,917,85,10.78824,"WatchEvent",917,85,10.78824,0
"664","wix/detox",83,82,526,91,5.78022,"WatchEvent",526,91,5.78022,0
